fecha,compra,venta,estado
2024-01-01,3.705,3.713,OK
2024-01-02,3.705,3.713,OK
2024-01-03,,,SIN_DATO_PUBLICADO
2024-01-04,3.726,3.738,OK
2024-01-05,3.736,3.740,OK
2024-01-06,3.713,3.723,OK
2024-01-07,3.713,3.723,OK
2024-01-08,3.713,3.723,OK
2024-01-09,3.710,3.719,OK
2024-01-10,3.703,3.708,OK
2024-01-11,3.698,3.704,OK
2024-01-12,3.697,3.703,OK
2024-01-13,3.690,3.696,OK
2024-01-14,3.690,3.696,OK
2024-01-15,3.690,3.696,OK
2024-01-16,3.687,3.704,OK
2024-01-17,3.713,3.718,OK
2024-01-18,3.733,3.739,OK
2024-01-19,3.736,3.742,OK
2024-01-20,3.736,3.743,OK
2024-01-21,3.736,3.743,OK
2024-01-22,3.736,3.743,OK
2024-01-23,3.736,3.746,OK
2024-01-24,3.750,3.755,OK
2024-01-25,3.755,3.760,OK
2024-01-26,3.757,3.765,OK
2024-01-27,3.777,3.786,OK
2024-01-28,3.777,3.786,OK
2024-01-29,3.777,3.786,OK
2024-01-30,3.797,3.807,OK
2024-01-31,3.806,3.813,OK
2024-02-01,3.799,3.808,OK
2024-02-02,3.802,3.808,OK
2024-02-03,3.821,3.829,OK
2024-02-04,3.821,3.829,OK
2024-02-05,3.821,3.829,OK
2024-02-06,3.843,3.852,OK
2024-02-07,3.853,3.858,OK
2024-02-08,3.865,3.868,OK
2024-02-09,3.850,3.854,OK
2024-02-10,3.860,3.868,OK
2024-02-11,3.860,3.868,OK
2024-02-12,3.860,3.868,OK
2024-02-13,3.861,3.869,OK
2024-02-14,3.877,3.883,OK
2024-02-15,3.870,3.877,OK
2024-02-16,3.864,3.870,OK
2024-02-17,3.826,3.844,OK
2024-02-18,3.826,3.844,OK
2024-02-19,3.826,3.844,OK
2024-02-20,3.795,3.807,OK
2024-02-21,3.777,3.784,OK
2024-02-22,3.789,3.797,OK
2024-02-23,3.803,3.807,OK
2024-02-24,3.794,3.799,OK
2024-02-25,3.794,3.799,OK
2024-02-26,3.794,3.799,OK
2024-02-27,3.793,3.803,OK
2024-02-28,3.787,3.793,OK
2024-02-29,3.790,3.797,OK
2024-03-01,3.778,3.782,OK
2024-03-02,3.768,3.773,OK
2024-03-03,,,SIN_DATO_PUBLICADO
2024-03-04,,,SIN_DATO_PUBLICADO
2024-03-05,3.762,3.771,OK
2024-03-06,3.764,3.770,OK
2024-03-07,3.730,3.736,OK
2024-03-08,3.721,3.726,OK
2024-03-09,3.688,3.696,OK
2024-03-10,3.688,3.696,OK
2024-03-11,3.688,3.696,OK
2024-03-12,3.683,3.692,OK
2024-03-13,3.687,3.695,OK
2024-03-14,3.665,3.671,OK
2024-03-15,3.670,3.677,OK
2024-03-16,3.684,3.692,OK
2024-03-17,3.684,3.692,OK
2024-03-18,3.684,3.692,OK
2024-03-19,3.689,3.698,OK
2024-03-20,3.698,3.703,OK
2024-03-21,3.690,3.696,OK
2024-03-22,3.695,3.701,OK
2024-03-23,3.690,3.694,OK
2024-03-24,3.690,3.694,OK
2024-03-25,3.690,3.694,OK
2024-03-26,3.698,3.707,OK
2024-03-27,3.721,3.727,OK
2024-03-28,3.714,3.721,OK
2024-03-29,3.714,3.721,OK
2024-03-30,3.714,3.721,OK
2024-03-31,3.714,3.721,OK
2024-04-01,3.714,3.721,OK
2024-04-02,3.717,3.734,OK
2024-04-03,3.704,3.711,OK
2024-04-04,3.685,3.694,OK
2024-04-05,3.673,3.685,OK
2024-04-06,3.678,3.691,OK
2024-04-07,3.678,3.691,OK
2024-04-08,3.678,3.691,OK
2024-04-09,3.666,3.681,OK
2024-04-10,3.684,3.693,OK
2024-04-11,3.701,3.710,OK
2024-04-12,3.702,3.711,OK
2024-04-13,3.698,3.707,OK
2024-04-14,3.698,3.707,OK
2024-04-15,3.698,3.707,OK
2024-04-16,3.711,3.725,OK
2024-04-17,3.747,3.755,OK
2024-04-18,3.738,3.749,OK
2024-04-19,3.735,3.744,OK
2024-04-20,3.693,3.702,OK
2024-04-21,3.693,3.702,OK
2024-04-22,3.693,3.702,OK
2024-04-23,3.685,3.701,OK
2024-04-24,3.694,3.701,OK
2024-04-25,3.714,3.724,OK
2024-04-26,3.735,3.745,OK
2024-04-27,3.745,3.756,OK
2024-04-28,3.745,3.756,OK
2024-04-29,3.745,3.756,OK
2024-04-30,3.726,3.734,OK
2024-05-01,3.743,3.752,OK
2024-05-02,3.743,3.752,OK
2024-05-03,3.747,3.757,OK
2024-05-04,3.718,3.726,OK
2024-05-05,3.718,3.726,OK
2024-05-06,3.718,3.726,OK
2024-05-07,3.716,3.730,OK
2024-05-08,3.720,3.728,OK
2024-05-09,3.719,3.724,OK
2024-05-10,3.710,3.713,OK
2024-05-11,3.701,3.708,OK
2024-05-12,3.701,3.708,OK
2024-05-13,3.701,3.708,OK
2024-05-14,3.713,3.723,OK
2024-05-15,3.719,3.728,OK
2024-05-16,3.712,3.718,OK
2024-05-17,3.721,3.728,OK
2024-05-18,3.735,3.742,OK
2024-05-19,3.735,3.742,OK
2024-05-20,3.735,3.742,OK
2024-05-21,3.727,3.736,OK
2024-05-22,3.726,3.733,OK
2024-05-23,3.735,3.743,OK
2024-05-24,3.738,3.746,OK
2024-05-25,3.730,3.739,OK
2024-05-26,3.730,3.739,OK
2024-05-27,3.730,3.739,OK
2024-05-28,3.731,3.748,OK
2024-05-29,3.738,3.750,OK
2024-05-30,3.752,3.762,OK
2024-05-31,3.744,3.753,OK
2024-06-01,3.735,3.741,OK
2024-06-02,3.735,3.741,OK
2024-06-03,3.735,3.741,OK
2024-06-04,3.726,3.736,OK
2024-06-05,3.730,3.740,OK
2024-06-06,3.741,3.747,OK
2024-06-07,3.747,3.756,OK
2024-06-08,3.747,3.756,OK
2024-06-09,3.747,3.756,OK
2024-06-10,3.747,3.756,OK
2024-06-11,3.765,3.781,OK
2024-06-12,3.779,3.787,OK
2024-06-13,3.766,3.772,OK
2024-06-14,3.770,3.777,OK
2024-06-15,3.764,3.776,OK
2024-06-16,3.764,3.776,OK
2024-06-17,3.764,3.776,OK
2024-06-18,3.783,3.796,OK
2024-06-19,3.780,3.789,OK
2024-06-20,3.810,3.818,OK
2024-06-21,3.802,3.814,OK
2024-06-22,3.795,3.806,OK
2024-06-23,3.795,3.806,OK
2024-06-24,3.795,3.806,OK
2024-06-25,3.795,3.805,OK
2024-06-26,3.807,3.817,OK
2024-06-27,3.811,3.822,OK
2024-06-28,3.817,3.825,OK
2024-06-29,3.827,3.837,OK
2024-06-30,3.827,3.837,OK
2024-07-01,3.827,3.837,OK
2024-07-02,3.834,3.851,OK
2024-07-03,3.826,3.833,OK
2024-07-04,3.793,3.802,OK
2024-07-05,3.788,3.802,OK
2024-07-06,3.788,3.797,OK
2024-07-07,3.788,3.797,OK
2024-07-08,3.788,3.797,OK
2024-07-09,3.782,3.797,OK
2024-07-10,3.781,3.789,OK
2024-07-11,3.774,3.785,OK
2024-07-12,3.766,3.771,OK
2024-07-13,3.729,3.740,OK
2024-07-14,3.729,3.740,OK
2024-07-15,3.729,3.740,OK
2024-07-16,3.719,3.733,OK
2024-07-17,3.714,3.725,OK
2024-07-18,3.715,3.723,OK
2024-07-19,3.728,3.735,OK
2024-07-20,3.736,3.743,OK
2024-07-21,3.736,3.743,OK
2024-07-22,3.736,3.743,OK
2024-07-23,3.749,3.758,OK
2024-07-24,3.749,3.758,OK
2024-07-25,3.769,3.778,OK
2024-07-26,3.757,3.764,OK
2024-07-27,,,SIN_DATO_PUBLICADO
2024-07-28,,,SIN_DATO_PUBLICADO
2024-07-29,,,SIN_DATO_PUBLICADO
2024-07-30,,,SIN_DATO_PUBLICADO
2024-07-31,3.726,3.742,OK
2024-08-01,3.712,3.722,OK
2024-08-02,3.733,3.741,OK
2024-08-03,3.740,3.748,OK
2024-08-04,3.740,3.748,OK
2024-08-05,3.740,3.748,OK
2024-08-06,3.744,3.754,OK
2024-08-07,3.744,3.754,OK
2024-08-08,3.729,3.740,OK
2024-08-09,3.726,3.732,OK
2024-08-10,3.725,3.731,OK
2024-08-11,3.725,3.731,OK
2024-08-12,3.725,3.731,OK
2024-08-13,3.739,3.747,OK
2024-08-14,3.746,3.750,OK
2024-08-15,3.737,3.744,OK
2024-08-16,3.731,3.737,OK
2024-08-17,3.738,3.748,OK
2024-08-18,3.738,3.748,OK
2024-08-19,3.738,3.748,OK
2024-08-20,3.726,3.740,OK
2024-08-21,3.739,3.747,OK
2024-08-22,3.737,3.744,OK
2024-08-23,3.754,3.760,OK
2024-08-24,3.739,3.748,OK
2024-08-25,3.739,3.748,OK
2024-08-26,3.739,3.748,OK
2024-08-27,3.745,3.759,OK
2024-08-28,3.740,3.748,OK
2024-08-29,3.735,3.743,OK
2024-08-30,3.739,3.750,OK
2024-08-31,3.739,3.750,OK
2024-09-01,3.739,3.750,OK
2024-09-02,3.739,3.750,OK
2024-09-03,3.753,3.768,OK
2024-09-04,3.771,3.781,OK
2024-09-05,3.793,3.797,OK
2024-09-06,3.789,3.796,OK
2024-09-07,3.779,3.781,OK
2024-09-08,3.779,3.781,OK
2024-09-09,3.779,3.781,OK
2024-09-10,3.802,3.816,OK
2024-09-11,3.814,3.823,OK
2024-09-12,3.786,3.794,OK
2024-09-13,3.766,3.772,OK
2024-09-14,3.763,3.771,OK
2024-09-15,3.763,3.771,OK
2024-09-16,3.763,3.771,OK
2024-09-17,3.779,3.788,OK
2024-09-18,3.772,3.778,OK
2024-09-19,3.757,3.764,OK
2024-09-20,3.744,3.751,OK
2024-09-21,3.747,3.754,OK
2024-09-22,3.747,3.754,OK
2024-09-23,3.747,3.754,OK
2024-09-24,3.761,3.773,OK
2024-09-25,3.760,3.768,OK
2024-09-26,3.762,3.767,OK
2024-09-27,3.733,3.737,OK
2024-09-28,3.716,3.722,OK
2024-09-29,3.716,3.722,OK
2024-09-30,3.716,3.722,OK
2024-10-01,3.703,3.714,OK
2024-10-02,3.712,3.718,OK
2024-10-03,3.716,3.721,OK
2024-10-04,3.724,3.730,OK
2024-10-05,3.727,3.734,OK
2024-10-06,3.727,3.734,OK
2024-10-07,3.727,3.734,OK
2024-10-08,3.732,3.744,OK
2024-10-09,3.732,3.744,OK
2024-10-10,3.750,3.760,OK
2024-10-11,3.761,3.767,OK
2024-10-12,3.752,3.759,OK
2024-10-13,3.752,3.759,OK
2024-10-14,3.752,3.759,OK
2024-10-15,3.752,3.763,OK
2024-10-16,3.765,3.770,OK
2024-10-17,3.767,3.773,OK
2024-10-18,3.766,3.771,OK
2024-10-19,3.748,3.759,OK
2024-10-20,3.748,3.759,OK
2024-10-21,3.748,3.759,OK
2024-10-22,3.758,3.767,OK
2024-10-23,3.753,3.759,OK
2024-10-24,3.748,3.757,OK
2024-10-25,3.752,3.757,OK
2024-10-26,3.752,3.758,OK
2024-10-27,3.752,3.758,OK
2024-10-28,3.752,3.758,OK
2024-10-29,3.760,3.775,OK
2024-10-30,3.765,3.772,OK
2024-10-31,3.772,3.776,OK
2024-11-01,3.761,3.775,OK
2024-11-02,3.761,3.775,OK
2024-11-03,3.761,3.775,OK
2024-11-04,3.761,3.775,OK
2024-11-05,3.760,3.774,OK
2024-11-06,3.771,3.778,OK
2024-11-07,3.780,3.787,OK
2024-11-08,3.753,3.760,OK
2024-11-09,3.764,3.769,OK
2024-11-10,3.764,3.769,OK
2024-11-11,3.764,3.769,OK
2024-11-12,3.766,3.781,OK
2024-11-13,3.781,3.788,OK
2024-11-14,3.795,3.800,OK
2024-11-15,3.798,3.805,OK
2024-11-16,3.799,3.807,OK
2024-11-17,3.799,3.807,OK
2024-11-18,3.799,3.807,OK
2024-11-19,3.789,3.799,OK
2024-11-20,3.791,3.798,OK
2024-11-21,3.792,3.798,OK
2024-11-22,3.791,3.797,OK
2024-11-23,3.785,3.798,OK
2024-11-24,3.785,3.798,OK
2024-11-25,3.785,3.798,OK
2024-11-26,3.774,3.783,OK
2024-11-27,3.768,3.773,OK
2024-11-28,3.755,3.762,OK
2024-11-29,3.742,3.759,OK
2024-11-30,3.739,3.745,OK
2024-12-01,3.739,3.745,OK
2024-12-02,3.739,3.745,OK
2024-12-03,3.746,3.766,OK
2024-12-04,3.737,3.749,OK
2024-12-05,3.734,3.740,OK
2024-12-06,3.727,3.735,OK
2024-12-07,3.719,3.727,OK
2024-12-08,3.719,3.727,OK
2024-12-09,3.719,3.727,OK
2024-12-10,3.719,3.727,OK
2024-12-11,3.705,3.718,OK
2024-12-12,3.714,3.722,OK
2024-12-13,3.729,3.735,OK
2024-12-14,3.732,3.737,OK
2024-12-15,3.732,3.737,OK
2024-12-16,3.732,3.737,OK
2024-12-17,3.725,3.740,OK
2024-12-18,3.738,3.746,OK
2024-12-19,3.730,3.740,OK
2024-12-20,3.734,3.743,OK
2024-12-21,3.717,3.731,OK
2024-12-22,3.717,3.731,OK
2024-12-23,3.717,3.731,OK
2024-12-24,3.721,3.735,OK
2024-12-25,3.718,3.731,OK
2024-12-26,3.718,3.731,OK
2024-12-27,3.738,3.748,OK
2024-12-28,3.741,3.750,OK
2024-12-29,3.741,3.750,OK
2024-12-30,3.741,3.750,OK
2024-12-31,3.758,3.770,OK
2025-01-01,3.758,3.770,OK
2025-01-02,3.758,3.770,OK
2025-01-03,3.746,3.759,OK
2025-01-04,3.754,3.760,OK
2025-01-05,3.754,3.760,OK
2025-01-06,3.754,3.760,OK
2025-01-07,3.758,3.767,OK
2025-01-08,3.767,3.772,OK
2025-01-09,3.776,3.783,OK
2025-01-10,3.765,3.769,OK
2025-01-11,3.762,3.769,OK
2025-01-12,3.762,3.769,OK
2025-01-13,3.762,3.769,OK
2025-01-14,3.774,3.785,OK
2025-01-15,3.773,3.778,OK
2025-01-16,3.761,3.768,OK
2025-01-17,3.764,3.769,OK
2025-01-18,3.743,3.752,OK
2025-01-19,3.743,3.752,OK
2025-01-20,3.743,3.752,OK
2025-01-21,3.728,3.742,OK
2025-01-22,3.727,3.735,OK
2025-01-23,3.718,3.724,OK
2025-01-24,3.710,3.717,OK
2025-01-25,3.706,3.716,OK
2025-01-26,3.706,3.716,OK
2025-01-27,3.706,3.716,OK
2025-01-28,3.735,3.742,OK
2025-01-29,3.737,3.743,OK
2025-01-30,3.721,3.728,OK
2025-01-31,3.712,3.720,OK
2025-02-01,3.715,3.728,OK
2025-02-02,3.715,3.728,OK
2025-02-03,3.715,3.728,OK
2025-02-04,3.713,3.722,OK
2025-02-05,3.701,3.712,OK
2025-02-06,3.712,3.720,OK
2025-02-07,3.708,3.715,OK
2025-02-08,3.709,3.718,OK
2025-02-09,3.709,3.718,OK
2025-02-10,3.709,3.718,OK
2025-02-11,3.707,3.719,OK
2025-02-12,3.708,3.714,OK
2025-02-13,3.709,3.714,OK
2025-02-14,3.714,3.719,OK
2025-02-15,3.702,3.712,OK
2025-02-16,3.702,3.712,OK
2025-02-17,3.702,3.712,OK
2025-02-18,3.693,3.708,OK
2025-02-19,3.683,3.695,OK
2025-02-20,3.680,3.690,OK
2025-02-21,3.681,3.687,OK
2025-02-22,3.674,3.683,OK
2025-02-23,3.674,3.683,OK
2025-02-24,3.674,3.683,OK
2025-02-25,3.680,3.689,OK
2025-02-26,3.678,3.686,OK
2025-02-27,3.676,3.681,OK
2025-02-28,3.668,3.674,OK
2025-03-01,3.671,3.683,OK
2025-03-02,3.671,3.683,OK
2025-03-03,3.671,3.683,OK
2025-03-04,3.678,3.691,OK
2025-03-05,3.687,3.693,OK
2025-03-06,3.657,3.663,OK
2025-03-07,3.646,3.651,OK
2025-03-08,3.654,3.659,OK
2025-03-09,3.654,3.659,OK
2025-03-10,3.654,3.659,OK
2025-03-11,3.655,3.669,OK
2025-03-12,3.664,3.670,OK
2025-03-13,3.658,3.667,OK
2025-03-14,3.663,3.670,OK
2025-03-15,3.653,3.663,OK
2025-03-16,3.653,3.663,OK
2025-03-17,3.653,3.663,OK
2025-03-18,3.642,3.655,OK
2025-03-19,3.633,3.641,OK
2025-03-20,3.616,3.626,OK
2025-03-21,3.620,3.627,OK
2025-03-22,3.628,3.641,OK
2025-03-23,3.628,3.641,OK
2025-03-24,3.628,3.641,OK
2025-03-25,3.635,3.648,OK
2025-03-26,3.634,3.644,OK
2025-03-27,3.636,3.643,OK
2025-03-28,3.642,3.649,OK
2025-03-29,3.647,3.654,OK
2025-03-30,3.647,3.654,OK
2025-03-31,3.647,3.654,OK
2025-04-01,3.660,3.677,OK
2025-04-02,3.667,3.676,OK
2025-04-03,3.671,3.680,OK
2025-04-04,3.662,3.667,OK
2025-04-05,3.686,3.691,OK
2025-04-06,3.686,3.691,OK
2025-04-07,3.686,3.691,OK
2025-04-08,3.696,3.705,OK
2025-04-09,3.728,3.732,OK
2025-04-10,3.741,3.748,OK
2025-04-11,3.725,3.734,OK
2025-04-12,3.724,3.732,OK
2025-04-13,3.724,3.732,OK
2025-04-14,3.724,3.732,OK
2025-04-15,3.724,3.734,OK
2025-04-16,3.739,3.750,OK
2025-04-17,3.728,3.737,OK
2025-04-18,3.728,3.737,OK
2025-04-19,3.728,3.737,OK
2025-04-20,3.728,3.737,OK
2025-04-21,3.728,3.737,OK
2025-04-22,3.703,3.715,OK
2025-04-23,3.689,3.699,OK
2025-04-24,3.691,3.700,OK
2025-04-25,3.675,3.683,OK
2025-04-26,3.662,3.672,OK
2025-04-27,3.662,3.672,OK
2025-04-28,3.662,3.672,OK
2025-04-29,3.663,3.672,OK
2025-04-30,3.665,3.673,OK
2025-05-01,3.671,3.678,OK
2025-05-02,3.671,3.678,OK
2025-05-03,3.651,3.665,OK
2025-05-04,3.651,3.665,OK
2025-05-05,3.651,3.665,OK
2025-05-06,3.650,3.662,OK
2025-05-07,3.653,3.663,OK
2025-05-08,3.650,3.658,OK
2025-05-09,3.637,3.646,OK
2025-05-10,3.635,3.645,OK
2025-05-11,3.635,3.645,OK
2025-05-12,3.635,3.645,OK
2025-05-13,3.652,3.662,OK
2025-05-14,3.651,3.659,OK
2025-05-15,3.675,3.682,OK
2025-05-16,3.676,3.686,OK
2025-05-17,3.690,3.696,OK
2025-05-18,3.690,3.696,OK
2025-05-19,3.690,3.696,OK
2025-05-20,3.682,3.693,OK
2025-05-21,3.690,3.697,OK
2025-05-22,3.676,3.683,OK
2025-05-23,3.660,3.669,OK
2025-05-24,3.654,3.665,OK
2025-05-25,3.654,3.665,OK
2025-05-26,3.654,3.665,OK
2025-05-27,3.649,3.665,OK
2025-05-28,3.644,3.650,OK
2025-05-29,3.639,3.648,OK
2025-05-30,3.627,3.638,OK
2025-05-31,3.621,3.632,OK
2025-06-01,3.621,3.632,OK
2025-06-02,3.621,3.632,OK
2025-06-03,3.609,3.630,OK
2025-06-04,3.618,3.628,OK
2025-06-05,3.610,3.618,OK
2025-06-06,3.619,3.628,OK
2025-06-07,3.642,3.651,OK
2025-06-08,3.642,3.651,OK
2025-06-09,3.642,3.651,OK
2025-06-10,3.637,3.654,OK
2025-06-11,3.631,3.640,OK
2025-06-12,3.627,3.636,OK
2025-06-13,3.616,3.620,OK
2025-06-14,3.611,3.618,OK
2025-06-15,3.611,3.618,OK
2025-06-16,3.611,3.618,OK
2025-06-17,3.604,3.614,OK
2025-06-18,3.609,3.620,OK
2025-06-19,3.596,3.604,OK
2025-06-20,3.582,3.599,OK
2025-06-21,3.591,3.603,OK
2025-06-22,3.591,3.603,OK
2025-06-23,3.591,3.603,OK
2025-06-24,3.593,3.606,OK
2025-06-25,3.571,3.581,OK
2025-06-26,3.566,3.576,OK
2025-06-27,3.560,3.572,OK
2025-06-28,3.539,3.552,OK
2025-06-29,3.539,3.552,OK
2025-06-30,3.539,3.552,OK
2025-07-01,3.534,3.549,OK
2025-07-02,3.548,3.556,OK
2025-07-03,3.550,3.559,OK
2025-07-04,3.538,3.547,OK
2025-07-05,3.541,3.556,OK
2025-07-06,3.541,3.556,OK
2025-07-07,3.541,3.556,OK
2025-07-08,3.553,3.563,OK
2025-07-09,3.557,3.563,OK
2025-07-10,3.546,3.555,OK
2025-07-11,3.548,3.557,OK
2025-07-12,3.547,3.557,OK
2025-07-13,3.547,3.557,OK
2025-07-14,3.547,3.557,OK
2025-07-15,3.556,3.569,OK
2025-07-16,3.561,3.569,OK
2025-07-17,3.548,3.560,OK
2025-07-18,3.549,3.556,OK
2025-07-19,3.558,3.568,OK
2025-07-20,3.558,3.568,OK
2025-07-21,3.558,3.568,OK
2025-07-22,3.554,3.566,OK
2025-07-23,3.554,3.561,OK
2025-07-24,3.554,3.561,OK
2025-07-25,3.542,3.555,OK
2025-07-26,3.540,3.552,OK
2025-07-27,3.540,3.552,OK
2025-07-28,3.540,3.552,OK
2025-07-29,3.540,3.552,OK
2025-07-30,3.540,3.552,OK
2025-07-31,3.556,3.570,OK
2025-08-01,3.575,3.588,OK
2025-08-02,3.576,3.588,OK
2025-08-03,3.576,3.588,OK
2025-08-04,3.576,3.588,OK
2025-08-05,3.566,3.579,OK
2025-08-06,3.555,3.564,OK
2025-08-07,3.555,3.564,OK
2025-08-08,3.538,3.551,OK
2025-08-09,3.527,3.535,OK
2025-08-10,3.527,3.535,OK
2025-08-11,3.527,3.535,OK
2025-08-12,3.522,3.537,OK
2025-08-13,3.518,3.525,OK
2025-08-14,3.533,3.537,OK
2025-08-15,3.555,3.555,OK
2025-08-16,3.557,3.563,OK
2025-08-17,3.557,3.563,OK
2025-08-18,3.557,3.563,OK
2025-08-19,3.549,3.561,OK
2025-08-20,3.531,3.538,OK
2025-08-21,3.527,3.539,OK
2025-08-22,3.533,3.541,OK
2025-08-23,3.518,3.526,OK
2025-08-24,3.518,3.526,OK
2025-08-25,3.518,3.526,OK
2025-08-26,3.517,3.531,OK
2025-08-27,3.530,3.538,OK
2025-08-28,3.551,3.558,OK
2025-08-29,3.538,3.551,OK
2025-08-30,3.530,3.540,OK
2025-08-31,3.530,3.540,OK
2025-09-01,3.530,3.540,OK
2025-09-02,3.522,3.545,OK
2025-09-03,3.536,3.546,OK
2025-09-04,3.527,3.534,OK
2025-09-05,3.531,3.539,OK
2025-09-06,3.519,3.527,OK
2025-09-07,3.519,3.527,OK
2025-09-08,3.519,3.527,OK
2025-09-09,3.509,3.522,OK
2025-09-10,3.502,3.509,OK
2025-09-11,3.484,3.494,OK
2025-09-12,3.476,3.485,OK
2025-09-13,3.489,3.499,OK
2025-09-14,3.489,3.499,OK
2025-09-15,3.489,3.499,OK
2025-09-16,3.490,3.499,OK
2025-09-17,3.484,3.489,OK
2025-09-18,3.480,3.488,OK
2025-09-19,3.482,3.491,OK
2025-09-20,3.487,3.494,OK
2025-09-21,3.487,3.494,OK
2025-09-22,3.487,3.494,OK
2025-09-23,3.499,3.510,OK
2025-09-24,3.495,3.509,OK
2025-09-25,3.503,3.511,OK
2025-09-26,3.501,3.511,OK
2025-09-27,3.494,3.502,OK
2025-09-28,3.494,3.502,OK
2025-09-29,3.494,3.502,OK
2025-09-30,3.475,3.495,OK
2025-10-01,3.464,3.476,OK
2025-10-02,3.465,3.474,OK
2025-10-03,3.479,3.485,OK
2025-10-04,3.464,3.468,OK
2025-10-05,3.464,3.468,OK
2025-10-06,3.464,3.468,OK
2025-10-07,3.455,3.465,OK
2025-10-08,3.446,3.452,OK
2025-10-09,3.446,3.452,OK
2025-10-10,3.430,3.443,OK
2025-10-11,3.436,3.442,OK
2025-10-12,3.436,3.442,OK
2025-10-13,3.436,3.442,OK
2025-10-14,3.423,3.439,OK
2025-10-15,3.421,3.428,OK
2025-10-16,3.404,3.416,OK
2025-10-17,3.387,3.397,OK
2025-10-18,3.378,3.389,OK
2025-10-19,3.378,3.389,OK
2025-10-20,3.378,3.389,OK
2025-10-21,3.368,3.378,OK
2025-10-22,3.383,3.390,OK
2025-10-23,3.395,3.401,OK
2025-10-24,3.393,3.400,OK
2025-10-25,3.377,3.385,OK
2025-10-26,3.377,3.385,OK
2025-10-27,3.377,3.385,OK
2025-10-28,3.376,3.387,OK
2025-10-29,3.387,3.396,OK
2025-10-30,3.385,3.394,OK
2025-10-31,3.390,3.398,OK
2025-11-01,3.372,3.379,OK
2025-11-02,3.372,3.379,OK
2025-11-03,3.372,3.379,OK
2025-11-04,3.366,3.378,OK
2025-11-05,3.380,3.387,OK
2025-11-06,3.371,3.381,OK
2025-11-07,3.371,3.377,OK
2025-11-08,3.370,3.381,OK
2025-11-09,3.370,3.381,OK
2025-11-10,3.370,3.381,OK
2025-11-11,3.366,3.380,OK
2025-11-12,3.355,3.366,OK
2025-11-13,3.362,3.372,OK
2025-11-14,3.361,3.368,OK
2025-11-15,3.365,3.374,OK
2025-11-16,3.365,3.374,OK
2025-11-17,3.365,3.374,OK
2025-11-18,3.359,3.372,OK
2025-11-19,3.366,3.372,OK
2025-11-20,3.372,3.380,OK
2025-11-21,3.377,3.385,OK
2025-11-22,3.384,3.391,OK
2025-11-23,3.384,3.391,OK
2025-11-24,3.384,3.391,OK
2025-11-25,3.380,3.397,OK
2025-11-26,3.375,3.383,OK
2025-11-27,3.363,3.371,OK
2025-11-28,3.360,3.371,OK
2025-11-29,3.357,3.368,OK
2025-11-30,3.357,3.368,OK
2025-12-01,3.357,3.368,OK
2025-12-02,3.362,3.377,OK
2025-12-03,3.365,3.374,OK
2025-12-04,3.361,3.370,OK
2025-12-05,3.356,3.363,OK
2025-12-06,3.363,3.369,OK
2025-12-07,3.363,3.369,OK
2025-12-08,3.363,3.369,OK
2025-12-09,3.363,3.369,OK
2025-12-10,3.363,3.369,OK
2025-12-11,3.364,3.378,OK
2025-12-12,3.362,3.370,OK
2025-12-13,3.363,3.373,OK
2025-12-14,3.363,3.373,OK
2025-12-15,3.363,3.373,OK
2025-12-16,3.365,3.375,OK
2025-12-17,3.366,3.374,OK
2025-12-18,3.365,3.372,OK
2025-12-19,3.363,3.371,OK
2025-12-20,3.362,3.372,OK
2025-12-21,3.362,3.372,OK
2025-12-22,3.362,3.372,OK
2025-12-23,3.360,3.372,OK
2025-12-24,3.362,3.371,OK
2025-12-25,3.359,3.369,OK
2025-12-26,3.359,3.369,OK
2025-12-27,3.359,3.369,OK
2025-12-28,,,SIN_DATO_PUBLICADO
2025-12-29,3.359,3.369,OK
2025-12-30,3.361,3.372,OK
2025-12-31,3.360,3.369,OK
2026-01-01,3.358,3.368,OK
2026-01-02,3.358,3.368,OK
2026-01-03,3.358,3.368,OK
2026-01-04,3.358,3.368,OK
2026-01-05,3.358,3.368,OK
2026-01-06,3.356,3.372,OK
2026-01-07,3.357,3.366,OK
2026-01-08,3.359,3.368,OK
2026-01-09,3.359,3.368,OK
2026-01-10,3.358,3.365,OK
2026-01-11,3.358,3.365,OK
2026-01-12,3.358,3.365,OK
2026-01-13,3.355,3.368,OK
2026-01-14,3.356,3.361,OK
2026-01-15,3.354,3.367,OK
2026-01-16,3.357,3.366,OK
2026-01-17,3.354,3.363,OK
2026-01-18,3.354,3.363,OK
2026-01-19,3.354,3.363,OK
2026-01-20,3.353,3.366,OK
2026-01-21,3.353,3.363,OK
2026-01-22,3.353,3.359,OK
2026-01-23,3.352,3.360,OK
2026-01-24,3.349,3.359,OK
2026-01-25,3.349,3.359,OK
2026-01-26,3.349,3.359,OK
2026-01-27,3.346,3.356,OK
2026-01-28,3.345,3.352,OK
2026-01-29,3.340,3.345,OK
2026-01-30,3.340,3.345,OK
2026-01-31,3.350,3.355,OK
2026-02-01,3.350,3.355,OK
2026-02-02,3.350,3.355,OK
2026-02-03,3.358,3.369,OK
2026-02-04,3.359,3.365,OK
2026-02-05,3.356,3.364,OK
2026-02-06,3.363,3.368,OK
2026-02-07,3.355,3.363,OK
2026-02-08,3.355,3.363,OK
2026-02-09,3.355,3.363,OK
2026-02-10,3.351,3.363,OK
2026-02-11,3.353,3.362,OK
2026-02-12,3.352,3.363,OK
2026-02-13,3.351,3.358,OK
2026-02-14,3.348,3.358,OK
2026-02-15,3.348,3.358,OK
2026-02-16,3.348,3.358,OK
2026-02-17,3.344,3.356,OK
2026-02-18,3.344,3.348,OK
2026-02-19,3.345,3.353,OK
2026-02-20,3.360,3.366,OK
2026-02-21,3.353,3.360,OK
2026-02-22,3.353,3.360,OK
2026-02-23,3.353,3.360,OK
2026-02-24,3.352,3.362,OK
2026-02-25,3.354,3.363,OK
2026-02-26,3.353,3.363,OK
2026-02-27,3.353,3.360,OK
2026-02-28,3.350,3.361,OK
2026-03-01,3.350,3.361,OK
2026-03-02,3.350,3.361,OK
2026-03-03,3.359,3.368,OK
2026-03-04,3.403,3.408,OK
2026-03-05,3.405,3.414,OK
2026-03-06,3.424,3.432,OK
2026-03-07,3.467,3.479,OK
2026-03-08,3.467,3.479,OK
2026-03-09,3.467,3.479,OK
2026-03-10,3.482,3.493,OK
2026-03-11,3.434,3.451,OK
2026-03-12,3.419,3.427,OK
2026-03-13,3.440,3.449,OK
2026-03-14,3.446,3.453,OK
2026-03-15,3.446,3.453,OK
2026-03-16,3.446,3.453,OK
2026-03-17,3.425,3.439,OK
2026-03-18,3.408,3.417,OK
2026-03-19,3.425,3.435,OK
2026-03-20,3.447,3.454,OK
2026-03-21,3.469,3.477,OK
2026-03-22,3.469,3.477,OK
2026-03-23,3.469,3.477,OK
2026-03-24,3.448,3.468,OK
2026-03-25,3.455,3.464,OK
2026-03-26,3.459,3.468,OK
2026-03-27,3.458,3.466,OK
2026-03-28,3.481,3.486,OK
2026-03-29,3.481,3.486,OK
2026-03-30,3.481,3.486,OK
2026-03-31,3.480,3.495,OK
2026-04-01,3.486,3.495,OK
2026-04-02,3.455,3.467,OK
2026-04-03,3.455,3.467,OK
2026-04-04,3.455,3.467,OK
2026-04-05,3.455,3.467,OK
2026-04-06,3.455,3.467,OK
2026-04-07,3.426,3.449,OK
2026-04-08,3.425,3.438,OK
2026-04-09,3.389,3.399,OK
2026-04-10,3.374,3.387,OK
2026-04-11,3.379,3.385,OK
2026-04-12,3.379,3.385,OK
2026-04-13,3.379,3.385,OK
2026-04-14,3.365,3.379,OK
2026-04-15,3.380,3.390,OK
2026-04-16,3.425,3.436,OK
2026-04-17,3.429,3.436,OK
2026-04-18,3.435,3.442,OK
2026-04-19,3.435,3.442,OK
2026-04-20,3.435,3.442,OK
2026-04-21,3.430,3.444,OK
2026-04-22,3.433,3.442,OK
2026-04-23,3.436,3.444,OK
2026-04-24,3.456,3.462,OK
2026-04-25,3.467,3.478,OK
2026-04-26,3.467,3.478,OK
2026-04-27,3.467,3.478,OK
2026-04-28,3.498,3.510,OK
2026-04-29,3.513,3.519,OK
2026-04-30,3.523,3.529,OK
2026-05-01,3.512,3.521,OK
2026-05-02,3.512,3.521,OK
2026-05-03,3.512,3.521,OK
2026-05-04,3.512,3.521,OK
2026-05-05,3.512,3.522,OK
2026-05-06,3.491,3.498,OK
2026-05-07,3.465,3.470,OK
2026-05-08,3.456,3.461,OK
2026-05-09,3.441,3.450,OK
2026-05-10,3.441,3.450,OK
2026-05-11,3.441,3.450,OK
2026-05-12,3.428,3.440,OK
2026-05-13,3.428,3.434,OK
2026-05-14,3.421,3.426,OK
2026-05-15,3.413,3.419,OK
2026-05-16,3.426,3.435,OK
2026-05-17,3.426,3.435,OK
2026-05-18,3.426,3.435,OK
2026-05-19,3.429,3.439,OK
2026-05-20,3.424,3.431,OK
2026-05-21,3.408,3.414,OK
2026-05-22,3.411,3.418,OK
2026-05-23,3.413,3.421,OK
2026-05-24,3.413,3.421,OK
2026-05-25,3.413,3.421,OK
2026-05-26,3.407,3.420,OK
2026-05-27,3.412,3.420,OK
2026-05-28,3.414,3.421,OK
2026-05-29,3.410,3.416,OK
2026-05-30,3.412,3.417,OK
2026-05-31,3.412,3.417,OK
2026-06-01,3.412,3.417,OK
2026-06-02,3.410,3.424,OK
2026-06-03,3.407,3.414,OK
2026-06-04,3.415,3.422,OK
2026-06-05,3.412,3.418,OK
2026-06-06,3.442,3.443,OK
2026-06-07,3.442,3.443,OK
2026-06-08,3.442,3.443,OK
2026-06-09,3.488,3.498,OK
2026-06-10,3.372,3.375,OK
2026-06-11,3.400,3.402,OK
2026-06-12,3.390,3.394,OK
2026-06-13,3.383,3.389,OK
2026-06-14,3.383,3.389,OK
2026-06-15,3.383,3.389,OK
2026-06-16,3.375,3.387,OK
2026-06-17,3.376,3.382,OK
2026-06-18,3.378,3.384,OK
2026-06-19,3.381,3.388,OK
2026-06-20,3.377,3.386,OK
2026-06-21,3.377,3.386,OK
2026-06-22,3.377,3.386,OK
2026-06-23,3.376,3.387,OK
2026-06-24,3.401,3.410,OK
2026-06-25,3.419,3.425,OK
2026-06-26,3.408,3.415,OK
2026-06-27,3.406,3.415,OK
2026-06-28,3.406,3.415,OK
2026-06-29,3.406,3.415,OK
2026-06-30,3.406,3.415,OK
2026-07-01,3.403,3.415,OK
2026-07-02,3.409,3.416,OK
2026-07-03,3.402,3.409,OK
2026-07-04,3.392,3.403,OK
2026-07-05,3.392,3.403,OK
2026-07-06,3.392,3.403,OK
2026-07-07,3.399,3.411,OK
2026-07-08,3.401,3.409,OK
2026-07-09,3.405,3.412,OK
2026-07-10,3.399,3.406,OK
2026-07-11,3.388,3.397,OK
2026-07-12,3.388,3.397,OK
2026-07-13,3.388,3.397,OK
2026-07-14,3.395,3.406,OK
2026-07-15,3.389,3.397,OK
2026-07-16,3.381,3.391,OK
2026-07-17,3.389,3.396,OK
2026-07-18,3.402,3.408,OK
2026-07-19,3.402,3.408,OK
2026-07-20,3.402,3.408,OK
2026-07-21,3.398,3.408,OK
2026-07-22,3.393,3.403,OK
2026-07-23,3.398,3.404,OK
2026-07-24,3.398,3.404,OK
2026-07-25,3.399,3.411,OK
2026-07-26,3.399,3.411,OK
2026-07-27,3.399,3.411,OK
2026-07-28,3.399,3.411,OK
2026-07-29,3.399,3.411,OK
2026-07-30,3.399,3.411,OK
2026-07-31,3.384,3.399,OK
2026-08-01,3.391,3.400,OK
2026-08-02,3.391,3.400,OK
2026-08-03,3.391,3.400,OK
2026-08-04,3.391,3.402,OK
2026-08-05,3.386,3.394,OK
2026-08-06,3.385,3.394,OK
2026-08-07,3.385,3.394,OK
2026-08-08,3.374,3.391,OK
2026-08-09,3.374,3.391,OK
2026-08-10,3.374,3.391,OK
2026-08-11,3.371,3.387,OK
2026-08-12,3.364,3.372,OK
2026-08-13,3.359,3.365,OK
2026-08-14,3.361,3.371,OK
2026-08-15,3.358,3.368,OK
2026-08-16,3.358,3.368,OK
2026-08-17,3.358,3.368,OK
2026-08-18,3.358,3.370,OK
2026-08-19,3.356,3.362,OK
2026-08-20,3.355,3.361,OK
2026-08-21,3.351,3.361,OK
2026-08-22,3.343,3.352,OK
2026-08-23,3.343,3.352,OK
2026-08-24,3.343,3.352,OK
2026-08-25,3.342,3.356,OK
2026-08-26,3.339,3.350,OK
2026-08-27,3.339,3.350,OK
2026-08-28,,,SIN_DATO_PUBLICADO
2026-08-29,,,SIN_DATO_PUBLICADO
2026-08-30,,,SIN_DATO_PUBLICADO
2026-08-31,,,SIN_DATO_PUBLICADO
